Workbook

Sheet Sheet1
A1: id | B1: 省份 | C1: year | D1: 金融机构本外币存款余额/亿元 | E1: 本外币贷款余额/亿元 | F1: 存贷款余额总额 | G1: GDP/亿元 | H1: 金融发展水平
A2: =VLOOKUP(B2,Sheet2!$A$1:$B$31,2,0) -> 1 | B2: 北京 | C2: 2000 | D2: 11526 | E2: 6407.9 | F2: =D2+E2 -> 17933.9 | G2: 3277.8 | H2: =F2/G2 -> 5.4713222
A3: =VLOOKUP(B3,Sheet2!$A$1:$B$31,2,0) -> 2 | B3: 天津 | C3: 2000 | D3: 2281.55 | E3: 1863.6 | F3: =D3+E3 -> 4145.15 | G3: 1591.7 | H3: =F3/G3 -> 2.6042282
A4: =VLOOKUP(B4,Sheet2!$A$1:$B$31,2,0) -> 3 | B4: 河北 | C4: 2000 | D4: 3780.74 | E4: 2933.19 | F4: =D4+E4 -> 6713.93 | G4: 4628.2 | H4: =F4/G4 -> 1.4506568
A5: =VLOOKUP(B5,Sheet2!$A$1:$B$31,2,0) -> 4 | B5: 山西 | C5: 2000 | D5: 2628.39 | E5: 2453.15 | F5: =D5+E5 -> 5081.54 | G5: 1845.72 | H5: =F5/G5 -> 2.7531478
A6: =VLOOKUP(B6,Sheet2!$A$1:$B$31,2,0) -> 5 | B6: 内蒙古 | C6: 2000 | D6: 1270.13 | E6: 1340.74 | F6: =D6+E6 -> 2610.87 | G6: 1539.12 | H6: =F6/G6 -> 1.6963395
A7: =VLOOKUP(B7,Sheet2!$A$1:$B$31,2,0) -> 6 | B7: 辽宁 | C7: 2000 | D7: 5880 | E7: 5195.6 | F7: =D7+E7 -> 11075.6 | G7: 4669.06 | H7: =F7/G7 -> 2.3721263
A8: =VLOOKUP(B8,Sheet2!$A$1:$B$31,2,0) -> 7 | B8: 吉林 | C8: 2000 | D8: 2236.71 | E8: 2651.19 | F8: =D8+E8 -> 4887.9 | G8: 1751.35 | H8: =F8/G8 -> 2.7909327
A9: =VLOOKUP(B9,Sheet2!$A$1:$B$31,2,0) -> 8 | B9: 黑龙江 | C9: 2000 | D9: 3333.4 | E9: 3145.1 | F9: =D9+E9 -> 6478.5 | G9: 2855.5 | H9: =F9/G9 -> 2.2687795
A10: =VLOOKUP(B10,Sheet2!$A$1:$B$31,2,0) -> 9 | B10: 上海 | C10: 2000 | D10: 9349.83 | E10: 7254.26 | F10: =D10+E10 -> 16604.09 | G10: 4812.15 | H10: =F10/G10 -> 3.4504515
A11: =VLOOKUP(B11,Sheet2!$A$1:$B$31,2,0) -> 10 | B11: 江苏 | C11: 2000 | D11: 8400.75 | E11: 5967.66 | F11: =D11+E11 -> 14368.41 | G11: 8553.69 | H11: =F11/G11 -> 1.6797908
A12: =VLOOKUP(B12,Sheet2!$A$1:$B$31,2,0) -> 11 | B12: 浙江 | C12: 2000 | D12: 7299.6 | E12: 5423.5 | F12: =D12+E12 -> 12723.1 | G12: 6164.79 | H12: =F12/G12 -> 2.0638335
A13: =VLOOKUP(B13,Sheet2!$A$1:$B$31,2,0) -> 12 | B13: 安徽 | C13: 2000 | D13: 2485.54 | E13: 2384.95 | F13: =D13+E13 -> 4870.49 | G13: 3125.33 | H13: =F13/G13 -> 1.5583922
... A745: =VLOOKUP(B745,Sheet2!$A$1:$B$31,2,0) -> 31 | B745: 新疆 | C745: 2023 | D745: 32985.51 | E745: 30857.22 | F745: =D745+E745 -> 63842.73 | G745: 19125.9 | H745: =F745/G745 -> 3.3380249

Sheet Sheet2
A1: 北京 | B1: 1 | D1: 贵州、云南、西藏、青海统计年鉴中无本外币存贷款余额，用的是人民币
A2: 天津 | B2: 2 | D2: 数据源于各省份统计年鉴、统计公报
A3: 河北 | B3: 3
A4: 山西 | B4: 4
A5: 内蒙古 | B5: 5
A6: 辽宁 | B6: 6
A7: 吉林 | B7: 7
A8: 黑龙江 | B8: 8
A9: 上海 | B9: 9
A10: 江苏 | B10: 10
A11: 浙江 | B11: 11
A12: 安徽 | B12: 12
A13: 福建 | B13: 13
A14: 江西 | B14: 14
... A31: 新疆 | B31: 31
